Name,Rarity,Level,Overtaking,Defending,Consistency,Fuel Use,Tyre Mgmt,Wet Ability,Total Value,Dry Quali,Series,Cards For Upgrade,Total Cards Needed,Coins For Upgrade,Total Coins Needed
Hamilton,Epic,8,77,78,80,71,75,73,454,301,12,400,785,378000000,1512000000
Norris,Epic,8,74,72,70,80,76,80,452,302,12,400,785,378000000,1512000000
Verstappen,Epic,8,80,76,74,72,78,71,451,306,12,400,785,378000000,1512000000
Russell,Epic,8,77,80,72,70,74,75,448,301,12,400,785,378000000,1512000000
Leclerc,Epic,8,71,70,77,75,80,73,446,296,12,400,785,378000000,1512000000
Hamilton,Epic,7,73,75,77,68,71,70,434,287,12,200,385,324000000,1134000000
Sainz,Epic,8,67,75,73,71,69,77,432,282,11,400,785,199500000,798000000
Verstappen,Epic,7,77,73,71,69,75,67,432,294,12,200,385,324000000,1134000000
Norris,Epic,7,71,69,67,76,72,75,430,288,12,200,385,324000000,1134000000
Gasly,Epic,8,72,76,69,71,74,67,429,293,11,400,785,199500000,798000000
Alonso,Epic,8,76,72,70,74,67,68,427,289,11,400,785,199500000,798000000
Russell,Epic,7,74,76,68,67,70,72,427,287,12,200,385,324000000,1134000000
Perez,Epic,8,70,68,75,66,72,74,425,276,11,400,785,199500000,798000000
Leclerc,Epic,7,68,66,74,72,75,70,425,281,12,200,385,324000000,1134000000
Hamilton,Epic,6,70,72,74,64,68,66,414,274,12,100,185,270000000,810000000
Sainz,Epic,7,64,71,70,68,66,73,412,269,11,200,385,171000000,598500000
Verstappen,Epic,6,73,70,68,66,71,64,412,280,12,100,185,270000000,810000000
Ricciardo,Epic,8,65,64,67,71,73,69,409,273,10,400,785,105000000,420000000
Gasly,Epic,7,69,73,65,67,71,64,409,280,11,200,385,171000000,598500000
Norris,Epic,6,67,65,64,73,69,71,409,274,12,100,185,270000000,810000000
Vettel,Epic,8,71,67,69,65,63,72,407,266,10,400,785,105000000,420000000
Alonso,Epic,7,72,69,67,71,63,65,407,275,11,200,385,171000000,598500000
Russell,Epic,6,71,72,65,63,67,69,407,273,12,100,185,270000000,810000000
Ocon,Epic,8,63,70,65,72,68,67,405,273,10,400,785,105000000,420000000
Perez,Epic,7,67,65,72,63,68,70,405,263,11,200,385,171000000,598500000
Leclerc,Epic,6,65,63,70,68,72,67,405,268,12,100,185,270000000,810000000
Hamilton,Epic,5,67,68,70,61,65,63,394,261,12,50,85,216000000,540000000
Sainz,Epic,6,61,68,66,64,62,70,391,255,11,100,185,142500000,427500000
Verstappen,Epic,5,70,66,64,62,68,61,391,266,12,50,85,216000000,540000000
Ricciardo,Epic,7,62,60,64,68,70,66,390,260,10,200,385,90000000,315000000
Gasly,Epic,6,66,70,62,64,68,60,390,268,11,100,185,142500000,427500000
Norris,Epic,5,64,62,60,70,66,68,390,262,12,50,85,216000000,540000000
Bottas,Epic,8,65,69,60,64,67,62,387,265,9,400,785,52500000,210000000
Vettel,Epic,7,67,64,65,62,60,69,387,253,10,200,385,90000000,315000000
Alonso,Epic,6,69,65,64,67,60,62,387,261,11,100,185,142500000,427500000
Russell,Epic,5,67,69,62,60,64,65,387,260,12,50,85,216000000,540000000
Stroll,Epic,8,69,65,63,61,60,67,385,255,9,400,785,52500000,210000000
Ocon,Epic,7,60,67,61,69,65,63,385,261,10,200,385,90000000,315000000
Perez,Epic,6,63,61,69,60,65,67,385,249,11,100,185,142500000,427500000
Leclerc,Epic,5,61,60,67,65,69,63,385,255,12,50,85,216000000,540000000
Hamilton,Epic,4,63,65,67,58,61,60,374,247,12,20,35,162000000,324000000
Sainz,Epic,5,57,65,63,61,59,67,372,242,11,50,85,114000000,285000000
Verstappen,Epic,4,67,63,61,59,65,57,372,254,12,20,35,162000000,324000000
Ricciardo,Epic,6,59,57,61,64,66,62,369,246,10,100,185,75000000,225000000
Gasly,Epic,5,62,66,59,61,64,57,369,253,11,50,85,114000000,285000000
Norris,Epic,4,61,59,57,66,62,64,369,248,12,20,35,162000000,324000000
Bottas,Epic,7,62,66,57,60,64,58,367,252,9,200,385,45000000,157500000
Vettel,Epic,6,64,60,62,58,57,66,367,239,10,100,185,75000000,225000000
Alonso,Epic,5,66,62,60,64,57,58,367,249,11,50,85,114000000,285000000
Russell,Epic,4,64,66,58,57,60,62,367,247,12,20,35,162000000,324000000
Tsunoda,Epic,8,64,60,65,62,58,56,365,244,8,400,785,26250000,105000000
Stroll,Epic,7,65,62,60,58,56,64,365,241,9,200,385,45000000,157500000
Ocon,Epic,6,56,64,58,65,62,60,365,247,10,100,185,75000000,225000000
Perez,Epic,5,60,58,65,56,62,64,365,236,11,50,85,114000000,285000000
Leclerc,Epic,4,58,56,64,62,65,60,365,241,12,20,35,162000000,324000000
Hamilton,Epic,3,60,62,64,54,58,56,354,234,12,10,15,108000000,162000000
Sainz,Epic,4,54,61,60,58,56,63,352,229,11,20,35,85500000,171000000
Verstappen,Epic,3,63,60,58,56,61,54,352,240,12,10,15,108000000,162000000
Hamilton,Rare,9,59,61,63,54,57,55,349,231,11,1000,1785,152000000,684000000
Ricciardo,Epic,5,55,54,57,61,63,59,349,233,10,50,85,60000000,150000000
Gasly,Epic,4,59,63,55,57,61,54,349,240,11,20,35,85500000,171000000
Norris,Epic,3,57,55,54,63,59,61,349,234,12,10,15,108000000,162000000
Bottas,Epic,6,59,62,53,57,61,55,347,239,9,100,185,37500000,112500000
Vettel,Epic,5,61,57,59,55,53,62,347,226,10,50,85,60000000,150000000
Alonso,Epic,4,62,59,57,61,53,55,347,235,11,20,35,85500000,171000000
Russell,Epic,3,61,62,55,53,57,59,347,233,12,10,15,108000000,162000000
Latifi,Epic,8,53,55,58,57,60,62,345,225,7,400,785,12390000,49560000
Tsunoda,Epic,7,60,57,62,58,55,53,345,230,8,200,385,22500000,78750000
Stroll,Epic,6,62,58,57,55,53,60,345,228,9,100,185,37500000,112500000
Ocon,Epic,5,53,60,55,62,58,57,345,233,10,50,85,60000000,150000000
Perez,Epic,4,57,55,62,53,58,60,345,223,11,20,35,85500000,171000000
Leclerc,Epic,3,55,53,60,58,62,57,345,228,12,10,15,108000000,162000000
Verstappen,Rare,9,61,57,55,53,59,51,336,230,10,1000,1785,80000000,360000000
Norris,Rare,9,55,53,51,60,57,58,334,225,10,1000,1785,80000000,360000000
Hamilton,Rare,8,57,58,60,51,55,53,334,221,11,400,785,133000000,532000000
Hamilton,Epic,2,57,58,60,51,55,53,334,221,12,4,5,54000000,54000000
Sainz,Epic,3,51,58,56,54,52,60,331,215,11,10,15,57000000,85500000
Verstappen,Epic,2,60,56,54,52,58,51,331,226,12,4,5,54000000,54000000
Ricciardo,Epic,4,52,50,54,58,60,56,330,220,10,20,35,45000000,90000000
Gasly,Epic,3,56,60,52,54,58,50,330,228,11,10,15,57000000,85500000
Norris,Epic,2,54,52,50,60,56,58,330,222,12,4,5,54000000,54000000
Bottas,Epic,5,55,59,50,54,57,52,327,225,9,50,85,30000000,75000000
Vettel,Epic,4,57,54,55,52,50,59,327,213,10,20,35,45000000,90000000
Alonso,Epic,3,59,55,54,57,50,52,327,221,11,10,15,57000000,85500000
Russell,Epic,2,57,59,52,50,54,55,327,220,12,4,5,54000000,54000000
Latifi,Epic,7,50,51,55,53,57,59,325,211,7,200,385,10620000,37170000
Albon,Epic,8,53,57,50,51,59,55,325,220,6,400,785,5460000,21840000
Tsunoda,Epic,6,57,53,59,55,51,50,325,216,8,100,185,18750000,56250000
Stroll,Epic,5,59,55,53,51,50,57,325,215,9,50,85,30000000,75000000
Ocon,Epic,4,50,57,51,59,55,53,325,221,10,20,35,45000000,90000000
Perez,Epic,3,53,51,59,50,55,57,325,209,11,10,15,57000000,85500000
Leclerc,Epic,2,51,50,57,55,59,53,325,215,12,4,5,54000000,54000000
Russell,Rare,9,57,58,51,49,53,55,323,217,9,1000,1785,40000000,180000000
Leclerc,Rare,9,51,49,56,54,58,52,320,212,9,1000,1785,40000000,180000000
Verstappen,Rare,8,58,54,52,51,56,49,320,219,10,400,785,70000000,280000000
Sainz,Rare,9,48,56,54,52,50,58,318,206,9,1000,1785,40000000,180000000
Norris,Rare,8,52,50,48,58,54,56,318,214,10,400,785,70000000,280000000
Hamilton,Rare,7,54,56,58,48,52,50,318,210,11,200,385,114000000,399000000
Hamilton,Epic,1,53,55,57,48,51,50,314,207,12,1,1,0,0
Sainz,Epic,2,47,55,53,51,49,57,312,202,11,4,5,28500000,28500000
Verstappen,Epic,1,57,53,51,49,55,47,312,214,12,1,1,0,0
Gasly,Rare,9,52,56,49,51,54,47,309,213,8,1000,1785,20000000,90000000
Ricciardo,Epic,3,49,47,51,54,56,52,309,206,10,10,15,30000000,45000000
Gasly,Epic,2,52,56,49,51,54,47,309,213,11,4,5,28500000,28500000
Norris,Epic,1,51,49,47,56,52,54,309,208,12,1,1,0,0
Alonso,Rare,9,56,52,50,54,47,48,307,209,8,1000,1785,20000000,90000000
Russell,Rare,8,54,56,48,47,50,52,307,207,9,400,785,35000000,140000000
Bottas,Epic,4,52,56,47,50,54,48,307,212,9,20,35,22500000,45000000
Vettel,Epic,3,54,50,52,48,47,56,307,199,10,10,15,30000000,45000000
Alonso,Epic,2,56,52,50,54,47,48,307,209,11,4,5,28500000,28500000
Russell,Epic,1,54,56,48,47,50,52,307,207,12,1,1,0,0
Perez,Rare,9,50,48,55,46,52,54,305,196,8,1000,1785,20000000,90000000
Leclerc,Rare,8,48,46,54,52,55,50,305,201,9,400,785,35000000,140000000
Verstappen,Rare,7,55,52,50,48,54,46,305,209,10,200,385,60000000,210000000
Magnussen,Epic,8,52,55,46,54,50,48,305,211,5,400,785,2310000,9240000
Latifi,Epic,6,46,48,52,50,54,55,305,198,7,100,185,8850000,26550000
Albon,Epic,7,50,54,46,48,55,52,305,207,6,200,385,4680000,16380000
Tsunoda,Epic,5,54,50,55,52,48,46,305,204,8,50,85,15000000,37500000
Stroll,Epic,4,55,52,50,48,46,54,305,201,9,20,35,22500000,45000000
Ocon,Epic,3,46,54,48,55,52,50,305,207,10,10,15,30000000,45000000
Perez,Epic,2,50,48,55,46,52,54,305,196,11,4,5,28500000,28500000
Leclerc,Epic,1,48,46,54,52,55,50,305,201,12,1,1,0,0
Ricciardo,Rare,9,48,46,50,53,55,51,303,202,8,1000,1785,20000000,90000000
Sainz,Rare,8,46,53,51,50,48,55,303,197,9,400,785,35000000,140000000
Norris,Rare,7,50,48,46,55,51,53,303,204,10,200,385,60000000,210000000
Hamilton,Rare,6,51,53,55,46,50,48,303,200,11,100,185,95000000,285000000
Vettel,Rare,9,52,48,50,46,44,54,294,190,7,1000,1785,9440000,42480000
Gasly,Rare,8,50,54,46,48,52,44,294,204,8,400,785,17500000,70000000
Ocon,Rare,9,44,51,46,53,50,48,292,198,7,1000,1785,9440000,42480000
Alonso,Rare,8,53,50,48,51,44,46,292,198,8,400,785,17500000,70000000
Russell,Rare,7,51,53,46,44,48,50,292,196,9,200,385,30000000,105000000
Sainz,Epic,1,44,51,50,48,46,53,292,189,11,1,1,0,0
Bottas,Rare,9,49,53,44,47,51,45,289,200,7,1000,1785,9440000,42480000
Perez,Rare,8,47,45,53,44,49,51,289,185,8,400,785,17500000,70000000
Leclerc,Rare,7,45,44,51,49,53,47,289,191,9,200,385,30000000,105000000
Verstappen,Rare,6,53,49,47,45,51,44,289,198,10,100,185,50000000,150000000
Ricciardo,Epic,2,45,44,47,51,53,49,289,193,10,4,5,15000000,15000000
Gasly,Epic,1,49,53,45,47,51,44,289,200,11,1,1,0,0
Stroll,Rare,9,52,49,47,45,43,51,287,189,7,1000,1785,9440000,42480000
Ricciardo,Rare,8,45,43,47,51,52,49,287,191,8,400,785,17500000,70000000
Sainz,Rare,7,43,51,49,47,45,52,287,186,9,200,385,30000000,105000000
Norris,Rare,6,47,45,43,52,49,51,287,193,10,100,185,50000000,150000000
Hamilton,Rare,5,49,51,52,43,47,45,287,190,11,50,85,76000000,190000000
Bottas,Epic,3,49,52,43,47,51,45,287,199,9,10,15,15000000,22500000
Vettel,Epic,2,51,47,49,45,43,52,287,186,10,4,5,15000000,15000000
Alonso,Epic,1,52,49,47,51,43,45,287,195,11,1,1,0,0
Zhou,Epic,8,52,47,50,48,45,43,285,192,4,400,785,840000,3360000
Magnussen,Epic,7,48,52,43,50,47,45,285,197,5,200,385,1980000,6930000
Latifi,Epic,5,43,45,48,47,50,52,285,185,7,50,85,7080000,17700000
Albon,Epic,6,47,50,43,45,52,48,285,194,6,100,185,3900000,11700000
Tsunoda,Epic,4,50,47,52,48,45,43,285,190,8,20,35,11250000,22500000
Stroll,Epic,3,52,48,47,45,43,50,285,188,9,10,15,15000000,22500000
Ocon,Epic,2,43,50,45,52,48,47,285,193,10,4,5,15000000,15000000
Perez,Epic,1,47,45,52,43,48,50,285,183,11,1,1,0,0
Vettel,Rare,8,49,45,47,44,42,51,278,180,7,400,785,8260000,33040000
Gasly,Rare,7,47,51,44,45,49,42,278,192,8,200,385,15000000,52500000
Tsunoda,Rare,9,49,45,51,47,43,41,276,184,6,1000,1785,4160000,18720000
Ocon,Rare,8,41,49,43,51,47,45,276,188,7,400,785,8260000,33040000
Alonso,Rare,7,51,47,45,49,41,43,276,188,8,200,385,15000000,52500000
Russell,Rare,6,49,51,43,41,45,47,276,186,9,100,185,25000000,75000000
Schumacher,Rare,9,43,41,48,50,47,45,274,181,6,1000,1785,4160000,18720000
Bottas,Rare,8,47,50,41,45,48,43,274,190,7,400,785,8260000,33040000
Perez,Rare,7,45,43,50,41,47,48,274,176,8,200,385,15000000,52500000
Leclerc,Rare,6,43,41,48,47,50,45,274,181,9,100,185,25000000,75000000
Verstappen,Rare,5,50,47,45,43,48,41,274,188,10,50,85,40000000,100000000
Latifi,Rare,9,41,42,46,44,48,50,271,175,6,1000,1785,4160000,18720000
Stroll,Rare,8,50,46,44,42,41,48,271,179,7,400,785,8260000,33040000
Ricciardo,Rare,7,42,41,44,48,50,46,271,181,8,200,385,15000000,52500000
Sainz,Rare,6,41,48,46,44,42,50,271,175,9,100,185,25000000,75000000
Norris,Rare,5,44,42,41,50,46,48,271,182,10,50,85,40000000,100000000
Hamilton,Rare,4,46,48,50,41,44,42,271,179,11,20,35,57000000,114000000
Ricciardo,Epic,1,42,40,44,48,50,46,270,180,10,1,1,0,0
Bottas,Epic,2,45,49,40,44,47,42,267,185,9,4,5,7500000,7500000
Vettel,Epic,1,47,44,45,42,40,49,267,173,10,1,1,0,0
Zhou,Epic,7,49,43,47,45,41,40,265,178,4,200,385,720000,2520000
Magnussen,Epic,6,45,49,40,47,43,41,265,184,5,100,185,1650000,4950000
Latifi,Epic,4,40,41,45,43,47,49,265,171,7,20,35,5310000,10620000
Albon,Epic,5,43,47,40,41,49,45,265,180,6,50,85,3120000,7800000
Tsunoda,Epic,3,47,43,49,45,41,40,265,176,8,10,15,7500000,11250000
Stroll,Epic,2,49,45,43,41,40,47,265,175,9,4,5,7500000,7500000
Ocon,Epic,1,40,47,41,49,45,43,265,181,10,1,1,0,0
Vettel,Rare,7,47,43,45,41,39,48,263,170,7,200,385,7080000,24780000
Gasly,Rare,6,45,48,41,43,47,39,263,183,8,100,185,12500000,37500000
Tsunoda,Rare,8,46,42,48,44,41,39,260,173,6,400,785,3640000,14560000
Ocon,Rare,7,39,46,41,48,44,42,260,177,7,200,385,7080000,24780000
Alonso,Rare,6,48,44,42,46,39,41,260,177,8,100,185,12500000,37500000
Russell,Rare,5,46,48,41,39,42,44,260,175,9,50,85,20000000,50000000
Schumacher,Rare,8,40,38,46,48,44,42,258,170,6,400,785,3640000,14560000
Bottas,Rare,7,44,48,38,42,46,40,258,180,7,200,385,7080000,24780000
Perez,Rare,6,42,40,48,38,44,46,258,164,8,100,185,12500000,37500000
Leclerc,Rare,5,40,38,46,44,48,42,258,170,9,50,85,20000000,50000000
Verstappen,Rare,4,48,44,42,40,46,38,258,178,10,20,35,30000000,60000000
Latifi,Rare,8,38,40,44,42,45,47,256,165,6,400,785,3640000,14560000
Stroll,Rare,7,47,44,42,40,38,45,256,169,7,200,385,7080000,24780000
Ricciardo,Rare,6,40,38,42,45,47,44,256,170,8,100,185,12500000,37500000
Sainz,Rare,5,38,45,44,42,40,47,256,165,9,50,85,20000000,50000000
Norris,Rare,4,42,40,38,47,44,45,256,173,10,20,35,30000000,60000000
Hamilton,Rare,3,44,45,47,38,42,40,256,169,11,10,15,38000000,57000000
Hamilton,Common,11,42,44,46,37,40,38,247,163,6,4000,7785,1100000,6050000
Vettel,Rare,6,44,40,42,38,37,46,247,159,7,100,185,5900000,17700000
Gasly,Rare,5,42,46,38,40,44,37,247,172,8,50,85,10000000,25000000
Bottas,Epic,1,42,46,37,40,44,38,247,172,9,1,1,0,0
Tsunoda,Rare,7,44,40,45,42,38,36,245,164,6,200,385,3120000,10920000
Ocon,Rare,6,36,44,38,45,42,40,245,167,7,100,185,5900000,17700000
Alonso,Rare,5,45,42,40,44,36,38,245,167,8,50,85,10000000,25000000
Russell,Rare,4,44,45,38,36,40,42,245,165,9,20,35,15000000,30000000
Zhou,Epic,6,45,40,44,42,38,36,245,165,4,100,185,600000,1800000
Magnussen,Epic,5,42,45,36,44,40,38,245,171,5,50,85,1320000,3300000
Latifi,Epic,3,36,38,42,40,44,45,245,158,7,10,15,3540000,5310000
Albon,Epic,4,40,44,36,38,45,42,245,167,6,20,35,2340000,4680000
Tsunoda,Epic,2,44,40,45,42,38,36,245,164,8,4,5,3750000,3750000
Stroll,Epic,1,45,42,40,38,36,44,245,161,9,1,1,0,0
Verstappen,Common,11,45,41,40,38,43,36,243,167,5,4000,7785,1100000,6050000
Schumacher,Rare,7,38,36,43,45,41,40,243,160,6,200,385,3120000,10920000
Bottas,Rare,6,41,45,36,40,43,38,243,169,7,100,185,5900000,17700000
Perez,Rare,5,40,38,45,36,41,43,243,155,8,50,85,10000000,25000000
Leclerc,Rare,4,38,36,43,41,45,40,243,160,9,20,35,15000000,30000000
Verstappen,Rare,3,45,41,40,38,43,36,243,167,10,10,15,20000000,30000000
Norris,Common,11,39,37,35,45,41,43,240,162,5,4000,7785,1100000,6050000
Latifi,Rare,7,35,37,41,39,43,45,240,154,6,200,385,3120000,10920000
Stroll,Rare,6,45,41,39,37,35,43,240,158,7,100,185,5900000,17700000
Ricciardo,Rare,5,37,35,39,43,45,41,240,160,8,50,85,10000000,25000000
Sainz,Rare,4,35,43,41,39,37,45,240,154,9,20,35,15000000,30000000
Norris,Rare,3,39,37,35,45,41,43,240,162,10,10,15,20000000,30000000
Hamilton,Rare,2,41,43,45,35,39,37,240,158,11,4,5,19000000,19000000
Russell,Common,11,42,44,37,35,39,41,238,160,5,4000,7785,1100000,6050000
Leclerc,Common,11,37,35,42,40,44,38,236,156,5,4000,7785,1100000,6050000
Hamilton,Common,10,40,42,44,35,38,37,236,155,6,2000,3785,990000,4950000
Sainz,Common,11,34,41,40,38,36,43,232,149,4,4000,7785,400000,2200000
Verstappen,Common,10,43,40,38,36,41,34,232,160,5,2000,3785,990000,4950000
Vettel,Rare,5,41,38,40,36,34,43,232,149,7,50,85,4720000,11800000
Gasly,Rare,4,40,43,36,38,41,34,232,162,8,20,35,7500000,15000000
Gasly,Common,11,39,43,35,37,41,34,229,160,4,4000,7785,400000,2200000
Norris,Common,10,37,35,34,43,39,41,229,154,5,2000,3785,990000,4950000
Tsunoda,Rare,6,41,37,43,39,35,34,229,152,6,100,185,2600000,7800000
Ocon,Rare,5,34,41,35,43,39,37,229,157,7,50,85,4720000,11800000
Alonso,Rare,4,43,39,37,41,34,35,229,157,8,20,35,7500000,15000000
Russell,Rare,3,41,43,35,34,37,39,229,155,9,10,15,10000000,15000000
Alonso,Common,11,42,39,37,41,33,35,227,155,4,4000,7785,400000,2200000
Russell,Common,10,41,42,35,33,37,39,227,153,5,2000,3785,990000,4950000
Schumacher,Rare,6,35,33,41,42,39,37,227,149,6,100,185,2600000,7800000
Bottas,Rare,5,39,42,33,37,41,35,227,159,7,50,85,4720000,11800000
Perez,Rare,4,37,35,42,33,39,41,227,144,8,20,35,7500000,15000000
Leclerc,Rare,3,35,33,41,39,42,37,227,149,9,10,15,10000000,15000000
Verstappen,Rare,2,42,39,37,35,41,33,227,157,10,4,5,10000000,10000000
Perez,Common,11,37,35,42,33,38,40,225,143,4,4000,7785,400000,2200000
Leclerc,Common,10,35,33,40,38,42,37,225,148,5,2000,3785,990000,4950000
Hamilton,Common,9,38,40,42,33,37,35,225,148,6,1000,1785,880000,3960000
Magnussen,Rare,9,38,42,33,40,37,35,225,157,3,1000,1785,224000,1008000
Latifi,Rare,6,33,35,38,37,40,42,225,145,6,100,185,2600000,7800000
Stroll,Rare,5,42,38,37,35,33,40,225,148,7,50,85,4720000,11800000
Ricciardo,Rare,4,35,33,37,40,42,38,225,150,8,20,35,7500000,15000000
Sainz,Rare,3,33,40,38,37,35,42,225,145,9,10,15,10000000,15000000
Norris,Rare,2,37,35,33,42,38,40,225,152,10,4,5,10000000,10000000
Hamilton,Rare,1,38,40,42,33,37,35,225,148,11,1,1,0,0
Zhou,Epic,5,42,37,40,38,35,33,225,152,4,50,85,480000,1200000
Magnussen,Epic,4,38,42,33,40,37,35,225,157,5,20,35,990000,1980000
Latifi,Epic,2,33,35,38,37,40,42,225,145,7,4,5,1770000,1770000
Schumacher,Epic,8,35,33,40,42,38,37,225,148,1,400,785,21000,84000
Albon,Epic,3,37,40,33,35,42,38,225,154,6,10,15,1560000,2340000
Tsunoda,Epic,1,40,37,42,38,35,33,225,150,8,1,1,0,0
Sainz,Common,10,32,40,38,36,34,41,221,142,4,2000,3785,360000,1800000
Verstappen,Common,9,41,38,36,34,40,32,221,153,5,1000,1785,880000,3960000
Gasly,Common,10,37,41,34,35,39,32,218,152,4,2000,3785,360000,1800000
Norris,Common,9,35,34,32,41,37,39,218,147,5,1000,1785,880000,3960000
Alonso,Common,10,41,37,35,39,31,33,216,148,4,2000,3785,360000,1800000
Russell,Common,9,39,41,33,31,35,37,216,146,5,1000,1785,880000,3960000
Vettel,Rare,4,39,35,37,33,31,41,216,138,7,20,35,3540000,7080000
Gasly,Rare,3,37,41,33,35,39,31,216,152,8,10,15,5000000,7500000
Perez,Common,10,35,33,40,31,37,38,214,136,4,2000,3785,360000,1800000
Leclerc,Common,9,33,31,38,37,40,35,214,141,5,1000,1785,880000,3960000
Hamilton,Common,8,37,38,40,31,35,33,214,141,6,400,785,770000,3080000
Tsunoda,Rare,5,38,35,40,37,33,31,214,143,6,50,85,2080000,5200000
Ocon,Rare,4,31,38,33,40,37,35,214,146,7,20,35,3540000,7080000
Alonso,Rare,3,40,37,35,38,31,33,214,146,8,10,15,5000000,7500000
Russell,Rare,2,38,40,33,31,35,37,214,144,9,4,5,5000000,5000000
Schumacher,Rare,5,32,31,38,40,36,34,211,139,6,50,85,2080000,5200000
Bottas,Rare,4,36,40,31,34,38,32,211,148,7,20,35,3540000,7080000
Perez,Rare,3,34,32,40,31,36,38,211,133,8,10,15,5000000,7500000
Leclerc,Rare,2,32,31,38,36,40,34,211,139,9,4,5,5000000,5000000
Verstappen,Rare,1,40,36,34,32,38,31,211,146,10,1,1,0,0
Ricciardo,Common,11,32,30,34,38,40,36,210,140,3,4000,7785,140000,770000
Sainz,Common,9,30,38,36,34,32,40,210,134,4,1000,1785,320000,1440000
Verstappen,Common,8,40,36,34,32,38,30,210,146,5,400,785,770000,3080000
Zhou,Rare,9,40,34,38,36,32,30,210,142,2,1000,1785,64000,288000
Magnussen,Rare,8,36,40,30,38,34,32,210,148,3,400,785,196000,784000
Latifi,Rare,5,30,32,36,34,38,40,210,134,6,50,85,2080000,5200000
Stroll,Rare,4,40,36,34,32,30,38,210,138,7,20,35,3540000,7080000
Ricciardo,Rare,3,32,30,34,38,40,36,210,140,8,10,15,5000000,7500000
Sainz,Rare,2,30,38,36,34,32,40,210,134,9,4,5,5000000,5000000
Norris,Rare,1,34,32,30,40,36,38,210,142,10,1,1,0,0
Vettel,Common,11,37,34,35,32,30,39,207,133,3,4000,7785,140000,770000
Gasly,Common,9,35,39,32,34,37,30,207,145,4,1000,1785,320000,1440000
Norris,Common,8,34,32,30,39,35,37,207,140,5,400,785,770000,3080000
Ocon,Common,11,30,37,31,39,35,33,205,141,3,4000,7785,140000,770000
Alonso,Common,9,39,35,33,37,30,31,205,141,4,1000,1785,320000,1440000
Russell,Common,8,37,39,31,30,33,35,205,139,5,400,785,770000,3080000
Zhou,Epic,4,39,33,37,35,31,30,205,138,4,20,35,360000,720000
Magnussen,Epic,3,35,39,30,37,33,31,205,144,5,10,15,660000,990000
Latifi,Epic,1,30,31,35,33,37,39,205,131,7,1,1,0,0
Schumacher,Epic,7,31,30,37,39,35,33,205,135,1,200,385,18000,63000
Albon,Epic,2,33,37,30,31,39,35,205,140,6,4,5,780000,780000
Bottas,Common,11,35,38,29,33,37,31,203,143,3,4000,7785,140000,770000
Perez,Common,9,33,31,38,29,35,37,203,128,4,1000,1785,320000,1440000
Leclerc,Common,8,31,29,37,35,38,33,203,133,5,400,785,770000,3080000
Hamilton,Common,7,35,37,38,29,33,31,203,134,6,200,385,660000,2310000
Vettel,Rare,3,36,32,34,31,29,38,200,128,7,10,15,2360000,3540000
Gasly,Rare,2,34,38,31,32,36,29,200,140,8,4,5,2500000,2500000
Ricciardo,Common,10,30,28,32,36,38,34,198,132,3,2000,3785,126000,630000
Sainz,Common,8,28,36,34,32,30,38,198,126,4,400,785,280000,1120000
Verstappen,Common,7,38,34,32,30,36,28,198,138,5,200,385,660000,2310000
Tsunoda,Rare,4,36,32,38,34,30,28,198,132,6,20,35,1560000,3120000
Ocon,Rare,3,28,36,30,38,34,32,198,136,7,10,15,2360000,3540000
Alonso,Rare,2,38,34,32,36,28,30,198,136,8,4,5,2500000,2500000
Russell,Rare,1,36,38,30,28,32,34,198,134,9,1,1,0,0
Vettel,Common,10,35,32,34,30,28,37,196,125,3,2000,3785,126000,630000
Gasly,Common,8,34,37,30,32,35,28,196,138,4,400,785,280000,1120000
Norris,Common,7,32,30,28,37,34,35,196,133,5,200,385,660000,2310000
Schumacher,Rare,4,30,28,35,37,34,32,196,129,6,20,35,1560000,3120000
Bottas,Rare,3,34,37,28,32,35,30,196,138,7,10,15,2360000,3540000
Perez,Rare,2,32,30,37,28,34,35,196,124,8,4,5,2500000,2500000
Leclerc,Rare,1,30,28,35,34,37,32,196,129,9,1,1,0,0
Ocon,Common,10,28,35,30,37,33,31,194,133,3,2000,3785,126000,630000
Alonso,Common,8,37,33,31,35,28,30,194,133,4,400,785,280000,1120000
Russell,Common,7,35,37,30,28,31,33,194,131,5,200,385,660000,2310000
Zhou,Rare,8,37,31,35,33,30,28,194,131,2,400,785,56000,224000
Magnussen,Rare,7,33,37,28,35,31,30,194,136,3,200,385,168000,588000
Latifi,Rare,4,28,30,33,31,35,37,194,124,6,20,35,1560000,3120000
Albon,Rare,9,31,35,28,30,37,33,194,133,1,1000,1785,16000,72000
Stroll,Rare,3,37,33,31,30,28,35,194,128,7,10,15,2360000,3540000
Ricciardo,Rare,2,30,28,31,35,37,33,194,130,8,4,5,2500000,2500000
Sainz,Rare,1,28,35,33,31,30,37,194,124,9,1,1,0,0
Bottas,Common,10,33,37,27,31,35,29,192,136,3,2000,3785,126000,630000
Perez,Common,8,31,29,37,27,33,35,192,120,4,400,785,280000,1120000
Leclerc,Common,7,29,27,35,33,37,31,192,126,5,200,385,660000,2310000
Hamilton,Common,6,33,35,37,27,31,29,192,126,6,100,185,550000,1650000
Stroll,Common,11,36,32,30,28,27,34,187,123,2,4000,7785,40000,220000
Ricciardo,Common,9,28,27,30,34,36,32,187,125,3,1000,1785,112000,504000
Sainz,Common,7,27,34,32,30,28,36,187,119,4,200,385,240000,840000
Verstappen,Common,6,36,32,30,28,34,27,187,130,5,100,185,550000,1650000
Tsunoda,Common,11,34,30,35,32,28,26,185,124,2,4000,7785,40000,220000
Vettel,Common,9,34,30,32,28,26,35,185,118,3,1000,1785,112000,504000
Gasly,Common,7,32,35,28,30,34,26,185,131,4,200,385,240000,840000
Norris,Common,6,30,28,26,35,32,34,185,125,5,100,185,550000,1650000
Vettel,Rare,2,34,30,32,28,26,35,185,118,7,4,5,1180000,1180000
Gasly,Rare,1,32,35,28,30,34,26,185,131,8,1,1,0,0
Zhou,Epic,3,35,30,34,32,28,26,185,125,4,10,15,240000,360000
Magnussen,Epic,2,32,35,26,34,30,28,185,131,5,4,5,330000,330000
Schumacher,Epic,6,28,26,34,35,32,30,185,121,1,100,185,15000,45000
Albon,Epic,1,30,34,26,28,35,32,185,127,6,1,1,0,0
Albon,Common,11,30,33,26,28,35,31,183,126,2,4000,7785,40000,220000
Ocon,Common,9,26,33,28,35,31,30,183,125,3,1000,1785,112000,504000
Alonso,Common,7,35,31,30,33,26,28,183,125,4,200,385,240000,840000
Russell,Common,6,33,35,28,26,30,31,183,124,5,100,185,550000,1650000
Tsunoda,Rare,3,33,30,35,31,28,26,183,122,6,10,15,1040000,1560000
Ocon,Rare,2,26,33,28,35,31,30,183,125,7,4,5,1180000,1180000
Alonso,Rare,1,35,31,30,33,26,28,183,125,8,1,1,0,0
Schumacher,Common,11,27,25,33,35,31,29,180,118,2,4000,7785,40000,220000
Bottas,Common,9,31,35,25,29,33,27,180,128,3,1000,1785,112000,504000
Perez,Common,7,29,27,35,25,31,33,180,112,4,200,385,240000,840000
Leclerc,Common,6,27,25,33,31,35,29,180,118,5,100,185,550000,1650000
Hamilton,Common,5,31,33,35,25,29,27,180,118,6,50,85,440000,1100000
Schumacher,Rare,3,27,25,33,35,31,29,180,118,6,10,15,1040000,1560000
Bottas,Rare,2,31,35,25,29,33,27,180,128,7,4,5,1180000,1180000
Perez,Rare,1,29,27,35,25,31,33,180,112,8,1,1,0,0
Zhou,Rare,7,34,29,32,31,27,25,178,121,2,200,385,48000,168000
Magnussen,Rare,6,31,34,25,32,29,27,178,126,3,100,185,140000,420000
Latifi,Rare,3,25,27,31,29,32,34,178,113,6,10,15,1040000,1560000
Albon,Rare,8,29,32,25,27,34,31,178,122,1,400,785,14000,56000
Stroll,Rare,2,34,31,29,27,25,32,178,117,7,4,5,1180000,1180000
Ricciardo,Rare,1,27,25,29,32,34,31,178,118,8,1,1,0,0
Stroll,Common,10,34,30,28,27,25,32,176,116,2,2000,3785,36000,180000
Ricciardo,Common,8,27,25,28,32,34,30,176,118,3,400,785,98000,392000
Sainz,Common,6,25,32,30,28,27,34,176,112,4,100,185,200000,600000
Verstappen,Common,5,34,30,28,27,32,25,176,123,5,50,85,440000,1100000
Tsunoda,Common,10,32,28,34,30,26,24,174,116,2,2000,3785,36000,180000
Vettel,Common,8,32,28,30,26,24,34,174,110,3,400,785,98000,392000
Gasly,Common,6,30,34,26,28,32,24,174,124,4,100,185,200000,600000
Norris,Common,5,28,26,24,34,30,32,174,118,5,50,85,440000,1100000
Albon,Common,10,28,31,24,26,33,30,172,118,2,2000,3785,36000,180000
Ocon,Common,8,24,31,26,33,30,28,172,118,3,400,785,98000,392000
Alonso,Common,6,33,30,28,31,24,26,172,118,4,100,185,200000,600000
Russell,Common,5,31,33,26,24,28,30,172,116,5,50,85,440000,1100000
Schumacher,Common,10,25,24,31,33,29,27,169,111,2,2000,3785,36000,180000
Bottas,Common,8,29,33,24,27,31,25,169,120,3,400,785,98000,392000
Perez,Common,6,27,25,33,24,29,31,169,105,4,100,185,200000,600000
Leclerc,Common,5,25,24,31,29,33,27,169,111,5,50,85,440000,1100000
Hamilton,Common,4,29,31,33,24,27,25,169,111,6,20,35,330000,660000
Vettel,Rare,1,31,27,29,25,24,33,169,107,7,1,1,0,0
Tsunoda,Rare,2,31,27,32,29,25,23,167,112,6,4,5,520000,520000
Ocon,Rare,1,23,31,25,32,29,27,167,115,7,1,1,0,0
Stroll,Common,9,32,28,27,25,23,30,165,108,2,1000,1785,32000,144000
Ricciardo,Common,7,25,23,27,30,32,28,165,110,3,200,385,84000,294000
Sainz,Common,5,23,30,28,27,25,32,165,105,4,50,85,160000,400000
Verstappen,Common,4,32,28,27,25,30,23,165,115,5,20,35,330000,660000
Schumacher,Rare,2,25,23,30,32,28,27,165,108,6,4,5,520000,520000
Bottas,Rare,1,28,32,23,27,30,25,165,117,7,1,1,0,0
Zhou,Epic,2,32,27,30,28,25,23,165,112,4,4,5,120000,120000
Magnussen,Epic,1,28,32,23,30,27,25,165,117,5,1,1,0,0
Schumacher,Epic,5,25,23,30,32,28,27,165,108,1,50,85,12000,30000
Latifi,Common,11,22,24,28,26,30,32,162,102,1,4000,7785,10000,55000
Tsunoda,Common,9,30,26,32,28,24,22,162,108,2,1000,1785,32000,144000
Vettel,Common,7,30,26,28,24,22,32,162,102,3,200,385,84000,294000
Gasly,Common,5,28,32,24,26,30,22,162,116,4,50,85,160000,400000
Norris,Common,4,26,24,22,32,28,30,162,110,5,20,35,330000,660000
Zhou,Rare,6,32,26,30,28,24,22,162,110,2,100,185,40000,120000
Magnussen,Rare,5,28,32,22,30,26,24,162,116,3,50,85,112000,280000
Latifi,Rare,2,22,24,28,26,30,32,162,102,6,4,5,520000,520000
Albon,Rare,7,26,30,22,24,32,28,162,112,1,200,385,12000,42000
Stroll,Rare,1,32,28,26,24,22,30,162,106,7,1,1,0,0
Magnussen,Common,11,28,31,22,30,26,24,161,115,1,4000,7785,10000,55000
Albon,Common,9,26,30,22,24,31,28,161,111,2,1000,1785,32000,144000
Ocon,Common,7,22,30,24,31,28,26,161,111,3,200,385,84000,294000
Alonso,Common,5,31,28,26,30,22,24,161,111,4,50,85,160000,400000
Russell,Common,4,30,31,24,22,26,28,161,109,5,20,35,330000,660000
Zhou,Common,11,31,25,29,27,24,22,158,107,1,4000,7785,10000,55000
Schumacher,Common,9,24,22,29,31,27,25,158,104,2,1000,1785,32000,144000
Bottas,Common,7,27,31,22,25,29,24,158,112,3,200,385,84000,294000
Perez,Common,5,25,24,31,22,27,29,158,98,4,50,85,160000,400000
Leclerc,Common,4,24,22,29,27,31,25,158,104,5,20,35,330000,660000
Hamilton,Common,3,27,29,31,22,25,24,158,103,6,10,15,220000,330000
Stroll,Common,8,30,27,25,23,21,28,154,101,2,400,785,28000,112000
Ricciardo,Common,6,23,21,25,28,30,27,154,102,3,100,185,70000,210000
Sainz,Common,4,21,28,27,25,23,30,154,97,4,20,35,120000,240000
Verstappen,Common,3,30,27,25,23,28,21,154,108,5,10,15,220000,330000
Latifi,Common,10,21,22,26,24,28,30,151,95,1,2000,3785,9000,45000
Tsunoda,Common,8,28,24,30,26,22,21,151,100,2,400,785,28000,112000
Vettel,Common,6,28,24,26,22,21,30,151,95,3,100,185,70000,210000
Gasly,Common,4,26,30,22,24,28,21,151,108,4,20,35,120000,240000
Norris,Common,3,24,22,21,30,26,28,151,102,5,10,15,220000,330000
Tsunoda,Rare,1,28,24,30,26,22,21,151,100,6,1,1,0,0
Magnussen,Common,10,26,30,20,28,24,22,150,108,1,2000,3785,9000,45000
Albon,Common,8,24,28,20,22,30,26,150,104,2,400,785,28000,112000
Ocon,Common,6,20,28,22,30,26,24,150,104,3,100,185,70000,210000
Alonso,Common,4,30,26,24,28,20,22,150,104,4,20,35,120000,240000
Russell,Common,3,28,30,22,20,24,26,150,102,5,10,15,220000,330000
Schumacher,Rare,1,22,20,28,30,26,24,150,98,6,1,1,0,0
Zhou,Common,10,29,24,27,25,22,20,147,100,1,2000,3785,9000,45000
Schumacher,Common,8,22,20,27,29,25,24,147,96,2,400,785,28000,112000
Bottas,Common,6,25,29,20,24,27,22,147,105,3,100,185,70000,210000
Perez,Common,4,24,22,29,20,25,27,147,91,4,20,35,120000,240000
Leclerc,Common,3,22,20,27,25,29,24,147,96,5,10,15,220000,330000
Hamilton,Common,2,25,27,29,20,24,22,147,96,6,4,5,110000,110000
Zhou,Rare,5,29,24,27,25,22,20,147,100,2,50,85,32000,80000
Magnussen,Rare,4,25,29,20,27,24,22,147,105,3,20,35,84000,168000
Latifi,Rare,1,20,22,25,24,27,29,147,93,6,1,1,0,0
Albon,Rare,6,24,27,20,22,29,25,147,102,1,100,185,10000,30000
Zhou,Epic,1,29,23,27,25,21,20,145,98,4,1,1,0,0
Schumacher,Epic,4,21,20,27,29,25,23,145,95,1,20,35,9000,18000
Stroll,Common,7,28,25,23,21,19,27,143,93,2,200,385,24000,84000
Ricciardo,Common,5,21,19,23,27,28,25,143,95,3,50,85,56000,140000
Sainz,Common,3,19,27,25,23,21,28,143,90,4,10,15,80000,120000
Verstappen,Common,2,28,25,23,21,27,19,143,101,5,4,5,110000,110000
Latifi,Common,9,19,21,24,22,26,28,140,88,1,1000,1785,8000,36000
Tsunoda,Common,7,26,22,28,24,21,19,140,93,2,200,385,24000,84000
Vettel,Common,5,26,22,24,21,19,28,140,88,3,50,85,56000,140000
Gasly,Common,3,24,28,21,22,26,19,140,100,4,10,15,80000,120000
Norris,Common,2,22,21,19,28,24,26,140,95,5,4,5,110000,110000
Magnussen,Common,9,24,28,18,26,22,20,138,100,1,1000,1785,8000,36000
Albon,Common,7,22,26,18,20,28,24,138,96,2,200,385,24000,84000
Ocon,Common,5,18,26,20,28,24,22,138,96,3,50,85,56000,140000
Alonso,Common,3,28,24,22,26,18,20,138,96,4,10,15,80000,120000
Russell,Common,2,26,28,20,18,22,24,138,94,5,4,5,110000,110000
Zhou,Common,9,27,22,25,24,20,18,136,93,1,1000,1785,8000,36000
Schumacher,Common,7,20,18,25,27,24,22,136,89,2,200,385,24000,84000
Bottas,Common,5,24,27,18,22,25,20,136,98,3,50,85,56000,140000
Perez,Common,3,22,20,27,18,24,25,136,84,4,10,15,80000,120000
Leclerc,Common,2,20,18,25,24,27,22,136,89,5,4,5,110000,110000
Hamilton,Common,1,24,25,27,18,22,20,136,89,6,1,1,0,0
Stroll,Common,6,27,23,21,19,17,25,132,86,2,100,185,20000,60000
Ricciardo,Common,4,19,17,21,25,27,23,132,88,3,20,35,42000,84000
Sainz,Common,2,17,25,23,21,19,27,132,82,4,4,5,40000,40000
Verstappen,Common,1,27,23,21,19,25,17,132,94,5,1,1,0,0
Zhou,Rare,4,27,21,25,23,19,17,132,90,2,20,35,24000,48000
Magnussen,Rare,3,23,27,17,25,21,19,132,96,3,10,15,56000,84000
Albon,Rare,5,21,25,17,19,27,23,132,92,1,50,85,8000,20000
Latifi,Common,8,17,19,22,21,24,26,129,81,1,400,785,7000,28000
Tsunoda,Common,6,24,21,26,22,19,17,129,86,2,100,185,20000,60000
Vettel,Common,4,24,21,22,19,17,26,129,81,3,20,35,42000,84000
Gasly,Common,2,22,26,19,21,24,17,129,93,4,4,5,40000,40000
Norris,Common,1,21,19,17,26,22,24,129,88,5,1,1,0,0
Magnussen,Common,8,22,26,17,24,20,18,127,92,1,400,785,7000,28000
Albon,Common,6,20,24,17,18,26,22,127,88,2,100,185,20000,60000
Ocon,Common,4,17,24,18,26,22,20,127,89,3,20,35,42000,84000
Alonso,Common,2,26,22,20,24,17,18,127,89,4,4,5,40000,40000
Russell,Common,1,24,26,18,17,20,22,127,87,5,1,1,0,0
Zhou,Common,8,25,20,24,22,18,16,125,85,1,400,785,7000,28000
Schumacher,Common,6,18,16,24,25,22,20,125,81,2,100,185,20000,60000
Bottas,Common,4,22,25,16,20,24,18,125,91,3,20,35,42000,84000
Perez,Common,2,20,18,25,16,22,24,125,76,4,4,5,40000,40000
Leclerc,Common,1,18,16,24,22,25,20,125,81,5,1,1,0,0
Schumacher,Epic,3,18,16,24,25,22,20,125,81,1,10,15,6000,9000
Stroll,Common,5,25,21,19,17,15,23,120,78,2,50,85,16000,40000
Ricciardo,Common,3,17,15,19,23,25,21,120,80,3,10,15,28000,42000
Sainz,Common,1,15,23,21,19,17,25,120,74,4,1,1,0,0
Latifi,Common,7,15,17,21,19,22,24,118,73,1,200,385,6000,21000
Tsunoda,Common,5,22,19,24,21,17,15,118,79,2,50,85,16000,40000
Vettel,Common,3,22,19,21,17,15,24,118,73,3,10,15,28000,42000
Gasly,Common,1,21,24,17,19,22,15,118,86,4,1,1,0,0
Magnussen,Common,7,20,24,15,22,18,17,116,84,1,200,385,6000,21000
Albon,Common,5,18,22,15,17,24,20,116,81,2,50,85,16000,40000
Ocon,Common,3,15,22,17,24,20,18,116,81,3,10,15,28000,42000
Alonso,Common,1,24,20,18,22,15,17,116,81,4,1,1,0,0
Zhou,Rare,3,24,18,22,20,17,15,116,79,2,10,15,16000,24000
Magnussen,Rare,2,20,24,15,22,18,17,116,84,3,4,5,28000,28000
Albon,Rare,4,18,22,15,17,24,20,116,81,1,20,35,6000,12000
Zhou,Common,7,24,18,22,20,16,14,114,78,1,200,385,6000,21000
Schumacher,Common,5,16,14,22,24,20,18,114,74,2,50,85,16000,40000
Bottas,Common,3,20,24,14,18,22,16,114,84,3,10,15,28000,42000
Perez,Common,1,18,16,24,14,20,22,114,68,4,1,1,0,0
Stroll,Common,4,23,19,17,15,14,21,109,71,2,20,35,12000,24000
Ricciardo,Common,2,15,14,17,21,23,19,109,73,3,4,5,14000,14000
Latifi,Common,6,13,15,19,17,21,22,107,66,1,100,185,5000,15000
Tsunoda,Common,4,21,17,22,19,15,13,107,72,2,20,35,12000,24000
Vettel,Common,2,21,17,19,15,13,22,107,66,3,4,5,14000,14000
Magnussen,Common,6,18,22,13,20,17,15,105,77,1,100,185,5000,15000
Albon,Common,4,17,20,13,15,22,18,105,74,2,20,35,12000,24000
Ocon,Common,2,13,20,15,22,18,17,105,73,3,4,5,14000,14000
Schumacher,Epic,2,15,13,20,22,18,17,105,68,1,4,5,3000,3000
Zhou,Common,6,22,16,20,18,14,12,102,70,1,100,185,5000,15000
Schumacher,Common,4,14,12,20,22,18,16,102,66,2,20,35,12000,24000
Bottas,Common,2,18,22,12,16,20,14,102,76,3,4,5,14000,14000
Zhou,Rare,2,21,16,20,18,14,12,101,69,2,4,5,8000,8000
Magnussen,Rare,1,18,21,12,20,16,14,101,75,3,1,1,0,0
Albon,Rare,3,16,20,12,14,21,18,101,71,1,10,15,4000,6000
Stroll,Common,3,21,17,15,14,12,19,98,64,2,10,15,8000,12000
Ricciardo,Common,1,14,12,15,19,21,17,98,66,3,1,1,0,0
Latifi,Common,5,11,13,17,15,19,21,96,58,1,50,85,4000,10000
Tsunoda,Common,3,19,15,21,17,13,11,96,64,2,10,15,8000,12000
Vettel,Common,1,19,15,17,13,11,21,96,58,3,1,1,0,0
Magnussen,Common,5,17,20,11,18,15,13,94,70,1,50,85,4000,10000
Albon,Common,3,15,18,11,13,20,17,94,66,2,10,15,8000,12000
Ocon,Common,1,11,18,13,20,17,15,94,66,3,1,1,0,0
Zhou,Common,5,20,14,18,16,12,11,91,62,1,50,85,4000,10000
Schumacher,Common,3,12,11,18,20,16,14,91,59,2,10,15,8000,12000
Bottas,Common,1,16,20,11,14,18,12,91,68,3,1,1,0,0
Stroll,Common,2,19,15,14,12,10,17,87,56,2,4,5,4000,4000
Latifi,Common,4,10,11,15,13,17,19,85,51,1,20,35,3000,6000
Tsunoda,Common,2,17,13,19,15,11,10,85,56,2,4,5,4000,4000
Zhou,Rare,1,19,13,17,15,11,10,85,58,2,1,1,0,0
Albon,Rare,2,13,17,10,11,19,15,85,60,1,4,5,2000,2000
Schumacher,Epic,1,11,10,17,19,15,13,85,55,1,1,1,0,0
Magnussen,Common,4,15,18,9,17,13,11,83,63,1,20,35,3000,6000
Albon,Common,2,13,17,9,11,18,15,83,59,2,4,5,4000,4000
Zhou,Common,4,18,12,16,14,11,9,80,55,1,20,35,3000,6000
Schumacher,Common,2,11,9,16,18,14,12,80,52,2,4,5,4000,4000
Stroll,Common,1,17,14,12,10,8,15,76,49,2,1,1,0,0
Latifi,Common,3,8,10,13,11,15,17,74,44,1,10,15,2000,3000
Tsunoda,Common,1,15,11,17,13,10,8,74,49,2,1,1,0,0
Magnussen,Common,3,13,17,7,15,11,9,72,56,1,10,15,2000,3000
Albon,Common,1,11,15,7,9,17,13,72,52,2,1,1,0,0
Zhou,Common,3,16,11,14,12,9,7,69,48,1,10,15,2000,3000
Schumacher,Common,1,9,7,14,16,12,11,69,44,2,1,1,0,0
Albon,Rare,1,11,14,7,9,16,12,69,50,1,1,1,0,0
Latifi,Common,2,6,8,11,10,13,15,63,37,1,4,5,1000,1000
Magnussen,Common,2,11,15,5,13,9,7,60,48,1,4,5,1000,1000
Zhou,Common,2,14,9,12,11,7,5,58,41,1,4,5,1000,1000
Latifi,Common,1,4,6,10,8,11,13,52,29,1,1,1,0,0
Magnussen,Common,1,9,13,4,11,7,5,49,40,1,1,1,0,0
Zhou,Common,1,12,7,11,9,5,3,47,33,1,1,1,0,0